ResidueKey;x;y;order;assigned_to;est_shift;real_shift;pred_x;pred_y;target_x;target_y;csp_avg;cost
Y7;8.651;120.456;7;Y7;0.06250151998151805;0.06250151998151805;8.7;120.65;8.7;120.65;0.04699886561828986;0.015502654363228195
G8;8.246;110.943;8;G8;0.05002759238660373;0.05002759238660373;8.213;110.755;8.213;110.755;0.04636246978315793;0.0036651226034458
A23;8.586;122.91799999999999;23;A23;0.0541294744109008;0.0541294744109008;8.562999999999999;123.163;8.562999999999999;123.163;0.04441310047736237;0.009716373933538434
K24;7.167000000000001;114.78;24;K24;0.019865548066940863;0.019865548066940863;7.186;114.751;7.186;114.751;0.0548743347513225;0.035008786684381635
G25;8.261000000000001;108.904;25;G25;0.051560062063578126;0.051560062063578126;8.23;108.698;8.23;108.698;0.05154847477713824;1.1587286439886102e-05
E26;9.331;117.65299999999999;26;E26;0.04390899680019757;0.04390899680019757;9.353;117.84299999999999;9.353;117.84299999999999;0.048700772380685334;0.004791775580487767
R27;8.807;120.721;27;R27;0.04254409477236639;0.04254409477236639;8.77;120.616;8.77;120.616;0.04504639447101308;0.0025022996986466886
Q28;7.678999999999999;115.415;28;Q28;0.030767515336793456;0.030767515336793456;7.66;115.536;7.66;115.536;0.050681288616630765;0.01991377327983731
S29;8.032;117.895;29;S29;0.13856420894300356;0.13856420894300356;8.109;118.471;8.109;118.471;0.048374692053143924;0.09018951688985963
V31;6.242999999999999;106.891;31;V31;0.02161573500947989;0.02161573500947989;6.263;106.85;6.263;106.85;0.05184258881659638;0.030226853807116493
D32;8.256;118.21799999999999;32;D32;0.02022374841615628;0.02022374841615628;8.276;118.20299999999999;8.276;118.20299999999999;0.051230188126224256;0.031006439710067977
I33;8.677;128.543;33;I33;0.02230336297512328;0.02230336297512328;8.689;128.44899999999998;8.689;128.44899999999998;0.050378445878782735;0.028075082903659454
D34;7.482;128.162;34;D34;0.11201142798839821;0.11201142798839821;7.377999999999999;128.37;7.377999999999999;128.37;0.051966103877177504;0.0600453241112207
T35;10.252;122.26799999999999;35;T35;0.028756912212545508;0.028756912212545508;10.255;122.411;10.255;122.411;0.050840400329364425;0.022083488116818917
H36;8.642999999999999;119.82700000000001;36;H36;0.05801241246491795;0.05801241246491795;8.585;119.833;8.585;119.833;0.04132604875179495;0.016686363713123
T37;7.559;108.145;37;T37;0.044823654469484726;0.044823654469484726;7.537999999999999;107.947;7.537999999999999;107.947;0.04108480624164524;0.0037388482278394863
A38;7.446000000000001;127.7;38;A38;0.034539832078340924;0.034539832078340924;7.478;127.765;7.478;127.765;0.04099552198138471;0.006455689903043786
K39;8.068999999999999;122.68799999999999;39;K39;0.06000833275470873;0.06000833275470873;8.07;122.38799999999999;8.07;122.38799999999999;0.049035910898046375;0.010972421856662355
Y40;8.645;126.652;40;Y40;0.018384776310849612;0.018384776310849612;8.638;126.56700000000001;8.638;126.56700000000001;0.04332670485839783;0.02494192854754822
D41;7.702999999999999;128.903;41;D41;0.03390634158973932;0.03390634158973932;7.672999999999999;128.82399999999998;7.672999999999999;128.82399999999998;0.047367606501114275;0.013461264911374955
S43;8.434;115.255;43;S43;0.018962067397833147;0.018962067397833147;8.449;115.197;8.449;115.197;0.0444108450415092;0.025448777643676056
L44;6.968;123.056;44;L44;0.019241621553290424;0.019241621553290424;6.986000000000001;123.09;6.986000000000001;123.09;0.0425421944624095;0.023300572909119074
K45;7.419;123.161;45;K45;0.1107476410584016;0.1107476410584016;7.43;122.61;7.43;122.61;0.04334243070081635;0.06740521035758525
L47;8.92;125.96600000000001;47;L47;0.049210161552264244;0.049210161552264244;8.937999999999999;125.73700000000001;8.937999999999999;125.73700000000001;0.04381681170751415;0.005393349844750095
S48;8.425;119.87700000000001;48;S48;0.07320683028242647;0.07320683028242647;8.424;119.51100000000001;8.424;119.51100000000001;0.04595446284697947;0.027252367435447004
V49;8.353;127.57799999999999;49;V49;0.02548803640926197;0.02548803640926197;8.361;127.45700000000001;8.361;127.45700000000001;0.046268204478877736;0.020780168069615766
S50;8.328;122.831;50;S50;0.024268498099388025;0.024268498099388025;8.304;122.81299999999999;8.304;122.81299999999999;0.049776477362517904;0.02550797926312988
Y51;8.941;125.262;51;Y51;0.0;0.0;8.941;125.262;8.941;125.262;;
D52;8.812000000000001;121.199;52;D52;0.06475214282168669;0.06475214282168669;8.794;120.88799999999999;8.794;120.88799999999999;0.04615047033688264;0.01860167248480405
Q53;7.981;114.413;53;Q53;0.039761287705502864;0.039761287705502864;7.965;114.23100000000001;7.965;114.23100000000001;0.04443844156087731;0.004677153855374448
A54;7.36;120.146;54;A54;0.03704375790872198;0.03704375790872198;7.379;120.305;7.379;120.305;0.04146912613374572;0.004425368225023735
T55;9.35;120.682;55;T55;0.054044796234234777;0.054044796234234777;9.399;120.796;9.399;120.796;0.043341227377569236;0.01070356885666554
S56;9.934;126.42299999999999;56;S56;0.025235689013777544;0.025235689013777544;9.958;126.462;9.958;126.462;0.044795666013494606;0.019559976999717062
L57;8.86;117.686;57;L57;0.06849350334156178;0.06849350334156178;8.82;117.40799999999999;8.82;117.40799999999999;0.04809334120584439;0.020400162135717388
R58;7.136;114.66;58;R58;0.032089873792210934;0.032089873792210934;7.104;114.67200000000001;7.104;114.67200000000001;0.04898567562916099;0.016895801836950053
I59;8.992;122.139;59;I59;0.04351367601111056;0.04351367601111056;9.03;122.03299999999999;9.03;122.03299999999999;0.0499081144215268;0.006394438410416245
L60;8.646;123.70299999999999;60;L60;0.04420904884749724;0.04420904884749724;8.64;123.92200000000001;8.64;123.92200000000001;0.048108889543312196;0.003899840695814956
N61;8.404;121.24700000000001;61;N61;0.03881288445864175;0.03881288445864175;8.405;121.441;8.405;121.441;0.04570314298570163;0.006890258527059878
N62;7.999;123.266;62;N62;0.08107009312934225;0.08107009312934225;8.058;122.988;8.058;122.988;0.05103797086738322;0.030032122261959032
G63;9.645;108.965;63;G63;0.07456782147816919;0.07456782147816919;9.65;109.337;9.65;109.337;0.049599017930831005;0.024968803547338186
F66;7.157;110.15899999999999;66;F66;0.0;0.0;7.157;110.15899999999999;7.157;110.15899999999999;;
N67;8.964;119.572;67;N67;0.019051509126575925;0.019051509126575925;8.945;119.565;8.945;119.565;0.0521094262611201;0.033057917134544174
V68;8.584;121.896;68;V68;0.02998733065812909;0.02998733065812909;8.565;122.012;8.565;122.012;0.04953470663251328;0.019547375974384194
E69;8.401;123.97399999999999;69;E69;0.07858396783059343;0.07858396783059343;8.427999999999999;124.34299999999999;8.427999999999999;124.34299999999999;0.051701359985310905;0.026882607845282527
F70;8.54;118.93799999999999;70;F70;0.05410397397603959;0.05410397397603959;8.493;119.072;8.493;119.072;0.05075895812847653;0.003345015847563061
D71;8.366;117.056;71;D71;0.01657226598869228;0.01657226598869228;8.371;116.977;8.371;116.977;0.047143477843309675;0.030571211854617395
D72;8.933;131.705;72;D72;0.08413536711752015;0.08413536711752015;8.917;131.292;8.917;131.292;0.04402389750925047;0.04011146960826968
S73;8.757;115.73299999999999;73;S73;0.018461852561429057;0.018461852561429057;8.74;115.697;8.74;115.697;0.047555916059536824;0.029094063498107767
Q74;7.624;117.67200000000001;74;Q74;0.060479417986618066;0.060479417986618066;7.684;117.634;7.684;117.634;0.046755351788052596;0.01372406619856547
K76;7.897;124.09;76;K76;0.07164607456099846;0.07164607456099846;7.914;123.742;7.914;123.742;0.04011061035682559;0.03153546420417287
A77;8.214;123.861;77;A77;0.03841301862650077;0.03841301862650077;8.25;123.928;8.25;123.928;0.03732089342972616;0.0010921251967746098
V78;8.335;115.789;78;V78;0.0128280941686584;0.0128280941686584;8.346;115.822;8.346;115.822;0.03841591262870145;0.02558781846004305
L79;8.929;123.471;79;L79;0.05790371317972582;0.05790371317972582;8.968;123.685;8.968;123.685;0.03490651259916098;0.02299720058056484
K80;8.322000000000001;121.072;80;K80;0.021181123671802606;0.021181123671802606;8.326;120.96799999999999;8.326;120.96799999999999;0.03608131778929914;0.014900194117496535
G81;8.955;106.414;81;G81;0.0054918120870963965;0.0054918120870963965;8.956;106.441;8.956;106.441;0.04441223963077489;0.03892042754367849
G82;7.035;108.708;82;G82;0.023417087777945843;0.023417087777945843;7.0120000000000005;108.73;7.0120000000000005;108.73;0.04290939551648207;0.019492307738536226
L84;7.7170000000000005;120.29700000000001;84;L84;0.02861747717742053;0.02861747717742053;7.6979999999999995;120.19;7.6979999999999995;120.19;0.0457382244914045;0.017120747313983973
G86;7.82;109.49799999999999;86;G86;0.04553196679257485;0.04553196679257485;7.841;109.7;7.841;109.7;0.04652393507185249;0.0009919682792776385
T87;8.446;116.624;87;T87;0.031384709652948886;0.031384709652948886;8.419;116.704;8.419;116.704;0.04271450660096833;0.011329796948019444
Y88;8.406;125.999;88;Y88;0.15211955824285123;0.15211955824285123;8.484;126.652;8.484;126.652;0.04486784489388491;0.10725171334896633
R89;8.537;122.71600000000001;89;R89;0.05511478930377746;0.05511478930377746;8.547;122.98700000000001;8.547;122.98700000000001;0.051478021198248826;0.003636768105528633
L90;8.5;124.029;90;L90;0.06953013735064746;0.06953013735064746;8.533;124.335;8.533;124.335;0.052683141990647664;0.016846995359999797
I91;8.84;123.15;91;I91;0.021470910553586384;0.021470910553586384;8.821;123.1;8.821;123.1;0.06511124711719413;0.043640336563607746
Q92;7.343999999999999;115.676;92;Q92;0.016000000000000014;0.016000000000000014;7.327999999999999;115.676;7.327999999999999;115.676;0.06728672270881848;0.05128672270881847
F93;8.56;113.506;93;F93;0.0;0.0;8.56;113.506;8.56;113.506;;
H94;8.151;113.15299999999999;94;H94;0.07159357513073555;0.07159357513073555;8.222000000000001;113.199;8.222000000000001;113.199;0.05262824199865423;0.018965333132081326
H96;8.693;115.09;96;H96;0.03546829570193422;0.03546829570193422;8.68;115.255;8.68;115.255;0.047846937184189704;0.012378641482255481
W97;9.471;119.137;97;W97;0.1528985284428852;0.1528985284428852;9.615;119.39399999999999;9.615;119.39399999999999;0.04360855632888979;0.10928997211399541
G98;8.021;107.874;98;na;-1.0;-1.0;;;;;;
S99;8.35;111.822;99;S99;0.022622113075485024;0.022622113075485024;8.351;111.709;8.351;111.709;0.04214134780716606;0.019519234731681035
L100;7.289;119.052;100;L100;0.028955828428836785;0.028955828428836785;7.292000000000001;118.90799999999999;7.292000000000001;118.90799999999999;0.04452869770794353;0.015572869279106744
D101;8.822000000000001;121.345;101;D101;0.012083045973596697;0.012083045973596697;8.827;121.4;8.827;121.4;0.04676691434993786;0.034683868376341166
G102;7.624;102.757;102;G102;0.03138470965294827;0.03138470965294827;7.608;102.62200000000001;7.608;102.62200000000001;0.0459212697049209;0.014536560051972632
Q103;7.8;115.02;103;Q103;0.003944616584662837;0.003944616584662837;7.8020000000000005;115.00299999999999;7.8020000000000005;115.00299999999999;0.03520564903663741;0.03126103245197457
G104;8.202;106.256;104;G104;0.020321417273409963;0.020321417273409963;8.222000000000001;106.274;8.222000000000001;106.274;0.03467334440826587;0.014351927134855905
S105;7.279;107.713;105;S105;0.06601484681494078;0.06601484681494078;7.212999999999999;107.706;7.212999999999999;107.706;0.03399501366745791;0.03201983314748287
E106;8.244;119.19200000000001;106;E106;0.09397574155067878;0.09397574155067878;8.189;118.811;8.189;118.811;0.0361706823498859;0.05780505920079288
H107;10.674000000000001;117.811;107;H107;0.02701184925176464;0.02701184925176464;10.647;117.807;10.647;117.807;0.037086552461414506;0.010074703209649864
T108;7.305;109.22399999999999;108;T108;0.045742321760050296;0.045742321760050296;7.3389999999999995;109.071;7.3389999999999995;109.071;0.03925401568259514;0.006488306077455153
V109;7.571000000000001;118.51;109;V109;0.029350298124550468;0.029350298124550468;7.599;118.46600000000001;7.599;118.46600000000001;0.03977568460667408;0.01042538648212361
D110;9.644;132.245;110;D110;0.015160474926597481;0.015160474926597481;9.631;132.20600000000002;9.631;132.20600000000002;0.04179759437663293;0.026637119450035447
K111;9.785;109.855;111;K111;0.052888183935544675;0.052888183935544675;9.825;109.682;9.825;109.682;0.03868858279211391;0.014199601143430766
K112;8.198;124.553;112;K112;0.022157617200411376;0.022157617200411376;8.217;124.49600000000001;8.217;124.49600000000001;0.03882352890144225;0.016665911701030874
K113;7.9079999999999995;121.99600000000001;113;K113;0.055226805085935256;0.055226805085935256;7.861000000000001;121.851;7.861000000000001;121.851;0.04470977514906704;0.010517029936868219
Y114;8.131;121.34200000000001;114;Y114;0.009682974749531134;0.009682974749531134;8.125;121.304;8.125;121.304;0.043158682882916244;0.03347570813338511
A115;7.531000000000001;120.89399999999999;115;A115;0.04256242474295731;0.04256242474295731;7.54;120.686;7.54;120.686;0.04590621471828875;0.0033437899753314404
A116;8.096;112.054;116;A116;0.03181571938523164;0.03181571938523164;8.095;112.213;8.095;112.213;0.04610405030189031;0.014288330916658674
E117;9.397;121.035;117;E117;0.09546014875329054;0.09546014875329054;9.431000000000001;121.48100000000001;9.431000000000001;121.48100000000001;0.045180352553514595;0.05027979619977594
L118;9.826;130.391;118;L118;0.09176055797563722;0.09176055797563722;9.74;130.55100000000002;9.74;130.55100000000002;0.05392846222539931;0.03783209575023791
H119;8.892999999999999;125.87100000000001;119;H119;0.02868030683239167;0.02868030683239167;8.915;125.779;8.915;125.779;0.05339289681160298;0.024712589979211313
L120;8.954;123.70100000000001;120;L120;0.05957314831364791;0.05957314831364791;9.012;123.76899999999999;9.012;123.76899999999999;0.05900455398008169;0.0005685943335662219
V121;9.15;126.51;121;V121;0.01733666634621478;0.01733666634621478;9.167;126.527;9.167;126.527;0.05850040200017914;0.04116373565396436
H122;8.466000000000001;124.318;122;H122;0.04272750870341169;0.04272750870341169;8.449;124.514;8.449;124.514;0.061247359299438385;0.018519850596026698
W123;9.008;119.229;123;W123;0.11838682359114328;0.11838682359114328;8.939;118.74799999999999;8.939;118.74799999999999;0.0574273512200671;0.06095947237107618
N124;8.971;119.75399999999999;124;N124;0.0493355855341757;0.0493355855341757;8.924;119.679;8.924;119.679;0.052663606850795804;0.0033280213166201056
T125;8.138;117.181;125;T125;0.07141120360279686;0.07141120360279686;8.068999999999999;117.089;8.068999999999999;117.089;0.058314655373324635;0.013096548229472225
K126;7.888;122.859;126;K126;0.03701675296402923;0.03701675296402923;7.8839999999999995;123.04299999999999;7.8839999999999995;123.04299999999999;0.05622797524001106;0.019211222275981828
Y127;7.561;115.506;127;Y127;0.062032249677083415;0.062032249677083415;7.502999999999999;115.396;7.502999999999999;115.396;0.05806864549631714;0.0039636041807662725
G128;7.765;107.345;128;G128;0.05344005988020631;0.05344005988020631;7.797000000000001;107.559;7.797000000000001;107.559;0.06160295396087563;0.008162894080669322
D129;7.417000000000001;116.241;129;D129;0.03935936991365296;0.03935936991365296;7.442;116.39299999999999;7.442;116.39299999999999;0.05773202418159726;0.0183726542679443
F130;7.468;119.662;130;F130;0.09084184058020887;0.09084184058020887;7.557;119.571;7.557;119.571;0.057405840791343435;0.03343599978886544
G131;8.011000000000001;103.87;131;G131;0.03661966684719857;0.03661966684719857;8.032;104.02;8.032;104.02;0.053524824814283896;0.016905157967085326
K132;7.683;119.755;132;K132;0.037584039165581694;0.037584039165581694;7.646;119.72200000000001;7.646;119.72200000000001;0.05115966545391753;0.013575626288335835
A133;8.005;124.619;133;A133;0.0816049018135551;0.0816049018135551;7.931;124.447;7.931;124.447;0.04622007480708794;0.03538482700646717
V134;7.347;108.006;134;V134;0.07580659601908102;0.07580659601908102;7.346;108.385;7.346;108.385;0.04327132474328157;0.03253527127579945
Q135;6.55;113.965;135;Q135;0.045747568241383846;0.045747568241383846;6.51;114.07600000000001;6.51;114.07600000000001;0.0418405799274356;0.0039069883139482425
Q136;7.497999999999999;118.25;136;Q136;0.028720027855141824;0.028720027855141824;7.524;118.311;7.524;118.311;0.03694045386215828;0.008220426007016456
D138;7.832000000000001;114.89399999999999;138;D138;0.010999999999999233;0.010999999999999233;7.832000000000001;114.949;7.832000000000001;114.949;0.04091736144005072;0.029917361440051485
G139;7.903;107.59;139;G139;0.007696752561957907;0.007696752561957907;7.91;107.60600000000001;7.91;107.60600000000001;0.04263548927269315;0.034938736710735246
L140;8.782;115.824;140;L140;0.021003809178336223;0.021003809178336223;8.761000000000001;115.82600000000001;8.761000000000001;115.82600000000001;0.04361620251320704;0.022612393334870817
A141;8.834;122.898;141;A141;0.023621176939347337;0.023621176939347337;8.812000000000001;122.941;8.812000000000001;122.941;0.04127008205051619;0.01764890511116885
V142;7.152;124.14399999999999;142;V142;0.0;0.0;7.152;124.14399999999999;7.152;124.14399999999999;;
L143;8.425;128.219;143;L143;0.07638874262612297;0.07638874262612297;8.488;128.003;8.488;128.003;0.04507643278496454;0.03131230984115843
G144;9.876;114.25;144;G144;0.054765317492005944;0.054765317492005944;9.902000000000001;114.009;9.902000000000001;114.009;0.04836669473614712;0.0063986227558588266
I145;9.101;124.3;145;I145;0.09141203421869401;0.09141203421869401;9.183;124.098;9.183;124.098;0.049919173652266544;0.04149286056642747
F146;10.056000000000001;128.944;146;F146;0.05234539139217256;0.05234539139217256;10.022;128.745;10.022;128.745;0.054916087993896134;0.002570696601723571
L147;8.184;120.346;147;L147;0.029345527768301443;0.029345527768301443;8.168;120.223;8.168;120.223;0.05667707592557901;0.027331548157277567
K148;8.927;119.29899999999999;148;K148;0.08318557567270782;0.08318557567270782;8.919;118.885;8.919;118.885;0.052444729454445296;0.03074084621826252
V149;8.382;121.34100000000001;149;V149;0.04390261951182508;0.04390261951182508;8.385;121.56;8.385;121.56;0.04899877495266853;0.00509615544084345
G150;9.07;118.162;150;G150;0.02322154172315211;0.02322154172315211;9.078;118.053;9.078;118.053;0.04545934735718888;0.02223780563403677
S151;8.281;124.434;151;S151;0.07097295259463202;0.07097295259463202;8.29;124.08200000000001;8.29;124.08200000000001;0.03997881649696083;0.03099413609767119
A152;8.328;121.24700000000001;152;A152;0.04123105625617616;0.04123105625617616;8.312000000000001;121.057;8.312000000000001;121.057;0.037681683411086166;0.003549372845089993
K153;8.658999999999999;123.898;153;K153;0.010121264743108174;0.010121264743108174;8.664;123.94200000000001;8.664;123.94200000000001;0.03655497143945266;0.026433706696344487
L156;7.492000000000001;116.734;156;L156;0.038483243106578434;0.038483243106578434;7.4639999999999995;116.602;7.4639999999999995;116.602;0.03029426647495875;0.008188976631619684
Q157;7.74;122.34100000000001;157;Q157;0.015831613941729883;0.015831613941729883;7.733;122.412;7.733;122.412;0.031379103863875796;0.015547489922145913
K158;8.672;115.465;158;K158;0.03112619475618542;0.03112619475618542;8.658;115.604;8.658;115.604;0.03193533416021347;0.000809139404028051
V159;6.974;113.14399999999999;159;V159;0.027076927447551302;0.027076927447551302;6.949;113.09200000000001;6.949;113.09200000000001;0.027808388629913094;0.0007314611823617916
V160;7.235;114.447;160;V160;0.016951696080332895;0.016951696080332895;7.251;114.475;7.251;114.475;0.02545205930083696;0.008500363220504063
D161;8.332;117.56;161;D161;0.014317821063274746;0.014317821063274746;8.326;117.625;8.326;117.625;0.024954842627812855;0.010637021564538109
V162;7.084;113.919;162;V162;0.0558358307899127;0.0558358307899127;7.086;113.64;7.086;113.64;0.02385980704107903;0.03197602374883367
L163;7.01;121.698;163;L163;0.029340074982866456;0.029340074982866456;7.021;121.834;7.021;121.834;0.025206662382184317;0.004133412600682139
D164;8.126;116.336;164;D164;0.02557655176132782;0.02557655176132782;8.123;116.209;8.123;116.209;0.022449735586167616;0.0031268161751602033
S165;7.943;113.57700000000001;165;S165;0.015311433636338682;0.015311433636338682;7.928999999999999;113.546;7.928999999999999;113.546;0.027204821244446484;0.011893387608107802
I166;7.358;116.337;166;I166;0.004651881339843068;0.004651881339843068;7.36;116.35799999999999;7.36;116.35799999999999;0.027107353109236385;0.022455471769393318
K167;7.327999999999999;117.42299999999999;167;K167;0.026437851652506377;0.026437851652506377;7.303;117.38;7.303;117.38;0.02829398640776565;0.0018561347552592741
T168;6.532;98.59200000000001;168;T168;0.03064702269388805;0.03064702269388805;6.544;98.73299999999999;6.544;98.73299999999999;0.02608525780013685;0.004561764893751201
K169;7.433;120.587;169;K169;0.0008000000000016882;0.0008000000000016882;7.433;120.59100000000001;7.433;120.59100000000001;0.026199023900603458;0.02539902390060177
G170;8.818999999999999;117.00299999999999;170;G170;0.07938286968861882;0.07938286968861882;8.758;117.257;8.758;117.257;0.026340251661598;0.05304261802702082
K171;7.74;120.21799999999999;171;K171;0.015879546593021796;0.015879546593021796;7.752000000000001;120.166;7.752000000000001;120.166;0.026021030421931258;0.010141483828909462
S172;8.291;113.757;172;S172;0.027370787347096664;0.027370787347096664;8.279;113.88;8.279;113.88;0.027102945332604298;0.0002678420144923664
A173;8.968;123.42399999999999;173;A173;0.031539816105995905;0.031539816105995905;8.99;123.537;8.99;123.537;0.030213603406978942;0.0013262126990169626
D174;8.565;122.041;174;D174;0.03059150208799924;0.03059150208799924;8.579;122.177;8.579;122.177;0.028063614277881288;0.0025278878101179514
F175;7.9479999999999995;125.26100000000001;175;F175;0.027130057132267744;0.027130057132267744;7.937;125.137;7.937;125.137;0.02948865393799888;0.0023585968057311356
T176;8.051;114.898;176;T176;0.011800000000004474;0.011800000000004474;8.051;114.95700000000001;8.051;114.95700000000001;0.024178607854148614;0.01237860785414414
N177;9.664;115.413;177;N177;0.016552945357246475;0.016552945357246475;9.679;115.448;9.679;115.448;0.024110716886639537;0.007557771529393062
F178;8.206;118.915;178;F178;0.06065509047062752;0.06065509047062752;8.18;118.641;8.18;118.641;0.02335011895143801;0.0373049715191895
D179;7.945;128.065;179;D179;0.006997142273813895;0.006997142273813895;7.9510000000000005;128.083;7.9510000000000005;128.083;0.023818669187042542;0.01682152691322865
R181;8.363;118.417;181;R181;0.016475436261295204;0.016475436261295204;8.354;118.348;8.354;118.348;0.02232596926908303;0.0058505330077878274
G182;7.246;102.618;182;G182;0.020972362766265847;0.020972362766265847;7.234;102.53200000000001;7.234;102.53200000000001;0.023550285608976665;0.0025779228427108176
L183;7.187;117.307;183;L183;0.015132745950421973;0.015132745950421973;7.202000000000001;117.29700000000001;7.202000000000001;117.29700000000001;0.024393649398458065;0.009260903448036092
L184;6.587000000000001;113.147;184;L184;0.019004210059879834;0.019004210059879834;6.568;113.149;6.568;113.149;0.027269447108008427;0.008265237048128593
E186;8.15;116.25;186;E186;0.036693868697645765;0.036693868697645765;8.156;116.069;8.156;116.069;0.02307349844416181;0.013620370253483956
S187;7.559;111.306;187;S187;0.014171802990444609;0.014171802990444609;7.5729999999999995;111.295;7.5729999999999995;111.295;0.02763017407625198;0.013458371085807372
L188;8.595;125.625;188;L188;0.040597536871097725;0.040597536871097725;8.599;125.42299999999999;8.599;125.42299999999999;0.03242081968008145;0.008176717191016272
D189;7.365;121.995;189;D189;0.021077001684299903;0.021077001684299903;7.386;122.00399999999999;7.386;122.00399999999999;0.03677641946470985;0.01569941778040995
Y190;8.683;118.979;190;Y190;0.048186720162300446;0.048186720162300446;8.67;118.74700000000001;8.67;118.74700000000001;0.039766775220432225;0.008419944941868221
W191;9.503;117.17399999999999;191;W191;0.014499655168314682;0.014499655168314682;9.509;117.24;9.509;117.24;0.05271964038984911;0.03821998522153443
T192;9.632;115.12700000000001;192;T192;0.057120574226805755;0.057120574226805755;9.589;114.939;9.589;114.939;0.05199018367052377;0.005130390556281984
Y193;8.001;125.634;193;Y193;0.06917253790341936;0.06917253790341936;8.068;125.72;8.068;125.72;0.06289187587652129;0.006280662026898073
G195;9.363999999999999;110.616;195;G195;0.06888396039717826;0.06888396039717826;9.347999999999999;110.95100000000001;9.347999999999999;110.95100000000001;0.06398231751437365;0.004901642882804605
S196;8.667;120.56;196;S196;0.04802665926336812;0.04802665926336812;8.691;120.76799999999999;8.691;120.76799999999999;0.06894051679870902;0.020913857535340905
T199;6.942;108.213;199;T199;0.16148572692346552;0.16148572692346552;6.812;107.734;6.812;107.734;0.07609109247741268;0.08539463444605284
L202;9.132;120.47;202;L202;0.02866984478506713;0.02866984478506713;9.13;120.32700000000001;9.13;120.32700000000001;0.07774326352507115;0.04907341874000402
L203;5.914;110.962;203;L203;0.13409041725641727;0.13409041725641727;5.813;110.521;5.813;110.521;0.08165274968377086;0.05243766757264641
E204;8.73;124.779;204;E204;0.052592394887473755;0.052592394887473755;8.683;124.661;8.683;124.661;0.0775574141582519;0.024965019270778148
C205;7.577000000000001;114.704;205;C205;0.07561719381198885;0.07561719381198885;7.507000000000001;114.561;7.507000000000001;114.561;0.07627439913464981;0.0006572053226609614
V206;7.231;118.964;206;V206;0.12684305262804071;0.12684305262804071;7.105;119.037;7.105;119.037;0.07626909582714679;0.050573956800893924
T207;8.392000000000001;124.898;207;T207;0.03267353669255778;0.03267353669255778;8.424;124.931;8.424;124.931;0.06817681917301126;0.03550328248045348
W208;8.199;129.33700000000002;208;W208;0.10012492197250257;0.10012492197250257;8.135;129.722;8.135;129.722;0.06759069792975379;0.03253422404274878
I209;8.706;127.165;209;I209;0.0241238471227109;0.0241238471227109;8.711;127.28299999999999;8.711;127.28299999999999;0.057447709880266866;0.033323862757555965
V210;9.669;128.469;210;V210;0.054770795137555256;0.054770795137555256;9.617;128.38299999999998;9.617;128.38299999999998;0.05613931034504196;0.0013685152074867021
L211;8.912;126.59899999999999;211;L211;0.047968322880835086;0.047968322880835086;8.958;126.667;8.958;126.667;0.0509402158054815;0.002971892924646412
K212;7.332000000000001;122.32700000000001;212;K212;0.07247068372797455;0.07247068372797455;7.297999999999999;122.007;7.297999999999999;122.007;0.0409224949317798;0.03154818879619475
E213;8.849;121.545;213;E213;0.02222251110923496;0.02222251110923496;8.847999999999999;121.656;8.847999999999999;121.656;0.039105107149728154;0.016882596040493192
I215;8.869;113.383;215;I215;0.022517548712060992;0.022517548712060992;8.891;113.359;8.891;113.359;0.03259851496627289;0.010080966254211898
S216;8.041;116.641;216;S216;0.03819999999999979;0.03819999999999979;8.041;116.83200000000001;8.041;116.83200000000001;0.03243505339725822;0.005764946602741572
V217;8.482999999999999;115.859;217;V217;0.01842715387682388;0.01842715387682388;8.491;115.94200000000001;8.491;115.94200000000001;0.033914506076964314;0.015487352200140435
S218;8.357000000000001;115.916;218;S218;0.016648123017322117;0.016648123017322117;8.37;115.96799999999999;8.37;115.96799999999999;0.03233229773759207;0.01568417472026995
S219;9.25;117.303;219;S219;0.012682271089989728;0.012682271089989728;9.24;117.264;9.24;117.264;0.027618192683056934;0.014935921593067206
E220;8.28;118.31299999999999;220;E220;0.028552407954494645;0.028552407954494645;8.302;118.22200000000001;8.302;118.22200000000001;0.027348902755672713;0.0012035051988219317
Q221;7.48;117.964;221;Q221;0.022325769863549443;0.022325769863549443;7.473;117.85799999999999;7.473;117.85799999999999;0.03110022825080939;0.008774458387259949
V222;7.314;114.757;222;V222;0.07104477461432226;0.07104477461432226;7.343999999999999;115.079;7.343999999999999;115.079;0.03060538086065655;0.04043939375366572
L223;7.9639999999999995;120.883;223;L223;0.030564031147740353;0.030564031147740353;7.947;120.756;7.947;120.756;0.029743300681853924;0.0008207304658864288
K224;6.855;115.046;224;K224;0.02061552812808808;0.02061552812808808;6.836;115.086;6.836;115.086;0.02968721854772278;0.009071690419634702
F225;7.06;118.73;225;F225;0.01926032190800853;0.01926032190800853;7.065;118.637;7.065;118.637;0.03478586973527767;0.01552554782726914
R226;6.638;109.04;226;R226;0.06378212915856445;0.06378212915856445;6.587999999999999;108.84200000000001;6.587999999999999;108.84200000000001;0.034771053980729355;0.02901107517783509
K227;6.796;114.14;227;K227;0.03275667870831855;0.03275667870831855;6.789;113.98;6.789;113.98;0.034417719349005366;0.0016610406406868186
L228;7.056;119.256;228;L228;0.008944271909994996;0.008944271909994996;7.06;119.21600000000001;7.06;119.21600000000001;0.03086938732129001;0.021925115411295014
N229;8.866;118.428;229;N229;0.016031219541879603;0.016031219541879603;8.865;118.508;8.865;118.508;0.02992540160825671;0.013894182066377107
F230;8.835;117.196;230;F230;0.0687674341530935;0.0687674341530935;8.775;117.36399999999999;8.775;117.36399999999999;0.031206999952559326;0.037560434200534176
N231;8.096;110.63799999999999;231;N231;0.028389434654463124;0.028389434654463124;8.122;110.695;8.122;110.695;0.030741710290352223;0.002352275635889099
G232;8.621;104.779;232;G232;0.018439088914585577;0.018439088914585577;8.609;104.84899999999999;8.609;104.84899999999999;0.026920142590108997;0.00848105367552342
E233;8.341000000000001;121.375;233;E233;0.032013122309453364;0.032013122309453364;8.314;121.289;8.314;121.289;0.0292827056272291;0.0027304166822242626
E235;7.297999999999999;119.87299999999999;235;E235;0.020180188304374097;0.020180188304374097;7.279;119.90700000000001;7.279;119.90700000000001;0.033070164882276876;0.012889976577902779
E237;8.205;123.402;237;E237;0.03471310991541685;0.03471310991541685;8.179;123.287;8.179;123.287;0.03200442963717048;0.0027086802782463754
E238;8.978;130.03;238;E238;0.014142135623730397;0.014142135623730397;8.98;129.96;8.98;129.96;0.027584070650454928;0.013441935026724531
L239;8.677999999999999;125.94200000000001;239;L239;0.021744884455888937;0.021744884455888937;8.66;125.881;8.66;125.881;0.028134975059911617;0.00639009060402268
M240;8.605;123.01799999999999;240;M240;0.058744872116639694;0.058744872116639694;8.572000000000001;123.26100000000001;8.572000000000001;123.26100000000001;0.03665979611835395;0.02208507599828574
V241;6.6770000000000005;114.882;241;V241;0.05060632371552047;0.05060632371552047;6.632999999999999;115.007;6.632999999999999;115.007;0.03869663765823922;0.011909686057281252
D242;7.093;114.803;242;D242;0.004308131845709272;0.004308131845709272;7.0889999999999995;114.811;7.0889999999999995;114.811;0.040529037257028284;0.03622090541131901
N243;8.362;119.36;243;N243;0.02014348529922243;0.02014348529922243;8.382;119.348;8.382;119.348;0.03863152910303026;0.018488043803807832
W244;6.416;114.126;244;W244;0.03444938315848666;0.03444938315848666;6.39;114.01299999999999;6.39;114.01299999999999;0.03827759880816875;0.0038282156496820888
R245;10.422;127.088;245;R245;0.11221212055745129;0.11221212055745129;10.34;126.705;10.34;126.705;0.03733731424408711;0.07487480631336418
A247;7.936;120.389;247;A247;0.054418379248191304;0.054418379248191304;7.981;120.542;7.981;120.542;0.035363651182293676;0.019054728065897628
Q248;8.657;122.023;248;Q248;0.04033658389105381;0.04033658389105381;8.697000000000001;121.99700000000001;8.697000000000001;121.99700000000001;0.032581349024064905;0.007755234866988904
L250;8.644;125.971;250;L250;0.013840520221438623;0.013840520221438623;8.633;125.929;8.633;125.929;0.03364470060345442;0.019804180382015795
K251;8.817;114.521;251;K251;0.010248902380253742;0.010248902380253742;8.82;114.47200000000001;8.82;114.47200000000001;0.0341312108097036;0.023882308429449856
R253;7.246;118.493;253;R253;0.011401754250990903;0.011401754250990903;7.252999999999999;118.448;7.252999999999999;118.448;0.03320057538808427;0.021798821137093367
Q254;8.539;118.29899999999999;254;Q254;0.037034578436911963;0.037034578436911963;8.523;118.132;8.523;118.132;0.024364200355937494;0.01267037808097447
I255;8.861;124.41;255;I255;0.02000099997500396;0.02000099997500396;8.874;124.486;8.874;124.486;0.023690769251026634;0.0036897692760226725
K256;8.734;126.49600000000001;256;K256;0.016004999218993947;0.016004999218993947;8.718;126.49799999999999;8.718;126.49799999999999;0.022026187787023914;0.006021188568029967
A257;8.323;123.64299999999999;257;A257;0.02549509756796331;0.02549509756796331;8.312000000000001;123.52799999999999;8.312000000000001;123.52799999999999;0.022935706405422276;0.002559391162541034
S258;8.916;116.49600000000001;258;S258;0.024212393520674055;0.024212393520674055;8.892000000000001;116.48;8.892000000000001;116.48;0.024521556908568345;0.0003091633878942908
F259;6.6;117.90700000000001;259;F259;0.015011995203836817;0.015011995203836817;6.615;117.904;6.615;117.904;0.026395814431079412;0.011383819227242594
K260;7.7010000000000005;124.41;260;K260;0.04701063709417182;0.04701063709417182;7.672000000000001;124.225;7.672000000000001;124.225;0.024622687096773985;0.02238794999739783
