Residue Number,CSP (ppm),Pred_assign,Automated
6,0.08193900170248745,6,0.08193900170248745
8,0.004386342439890706,8,0.004386342439890706
23,0.010630145812733771,23,0.010630145812733771
24,0.10386163873153496,242,0.04688027303674476
25,0.040336583891052505,25,0.040336583891052505
26,0.06835934464285176,26,0.06835934464285176
27,0.12300585351925265,52,0.02319999999999996
28,0.03753664875824618,28,0.03753664875824618
29,0.2094450763326716,233,0.8666526178348468
31,0.07452677371253957,31,0.07452677371253957
32,0.027585503439305846,32,0.027585503439305846
33,0.04193757265269688,33,0.04193757265269688
34,0.020999047597451158,34,0.020999047597451158
35,0.03652998768135581,35,0.03652998768135581
37,0.06362672394521403,37,0.06362672394521403
38,0.06668163165370257,38,0.06668163165370257
39,0.09210776297359463,39,0.09210776297359463
40,0.009840731680113846,40,0.009840731680113846
41,0.04150469852920116,41,0.04150469852920116
43,0.05739999999999897,43,0.05739999999999897
44,0.039308523248780224,44,0.039308523248780224
45,0.02505114767829954,45,0.02505114767829954
47,0.0661712928693361,119,0.05236258206008773
48,0.0456021929297315,48,0.0456021929297315
49,0.029178073959739,49,0.029178073959739
50,0.07803101947302682,50,0.07803101947302682
51,0.02490461804565671,51,0.02490461804565671
52,0.05128898517225431,27,0.17419862226780042
53,0.09570663508869186,53,0.09570663508869186
54,0.047811714045827285,54,0.047811714045827285
55,0.0710138014754863,117,0.13393446158475944
56,0.028355599094360206,56,0.028355599094360206
57,0.08924438357678438,57,0.08924438357678438
58,0.0656320043881059,58,0.0656320043881059
59,0.05300037735714388,59,0.05300037735714388
60,0.11355104578998765,153,0.20960782428144328
61,0.06252807369493787,80,0.03549028035955745
62,0.04494441010848802,62,0.04494441010848802
63,0.066160108826998,63,0.066160108826998
66,0.037924134795667766,66,0.037924134795667766
67,0.05456189146281614,67,0.05456189146281614
68,0.12802015466323813,248,0.13544135262171453
69,0.04854235264179239,69,0.04854235264179239
70,0.07433034373659025,70,0.07433034373659025
71,0.03350582038989604,71,0.03350582038989604
72,0.019461757371828363,72,0.019461757371828363
73,0.15570806016388125,170,0.3366021390306337
74,0.061269894728161765,74,0.061269894728161765
76,0.05344005988020524,76,0.05344005988020524
77,0.04571389285545609,77,0.04571389285545609
78,0.04090672316380044,218,0.02845417368331093
79,0.0271447969231661,91,0.008009993757799566
80,0.09356943945541198,243,0.24232416305436905
81,0.0180277563773206,81,0.0180277563773206
82,0.037748642359694634,82,0.037748642359694634
84,0.051971145840744915,171,0.06603665648713679
86,0.02576897359228939,86,0.02576897359228939
87,0.10726714315204232,87,0.10726714315204232
88,0.09444342221668968,88,0.09444342221668968
89,0.06812605962478588,89,0.06812605962478588
90,0.03953530068179894,90,0.03953530068179894
91,0.06215593294288309,141,0.020624257562395627
92,0.05685806890846778,24,0.03055552323230545
93,0.043037657928839484,93,0.043037657928839484
94,0.07900101265173437,94,0.07900101265173437
95,0.08867671622246379,95,0.08867671622246379
96,0.04925444142409858,158,0.09404786015641343
97,0.058232636897190236,97,0.058232636897190236
98,0.039999999999999515,98,0.039999999999999515
99,0.07552377109229075,99,0.07552377109229075
100,0.16484671667946454,100,0.16484671667946454
101,0.06430987482494617,213,0.11873483061006075
102,0.12964273986614094,102,0.12964273986614094
103,0.0068963758598264615,103,0.0068963758598264615
104,0.11699846152834775,104,0.11699846152834775
105,0.018000000000000682,105,0.018000000000000682
106,0.12943477121700975,178,0.028617477177416105
107,0.09695545368879616,107,0.09695545368879616
108,0.06420280367709945,108,0.06420280367709945
109,0.06610930343000226,136,0.02251577224969204
110,0.046750828869657035,110,0.046750828869657035
111,0.05597463711360577,111,0.05597463711360577
112,0.03255764119220025,112,0.03255764119220025
113,0.1161724580096312,113,0.1161724580096312
114,0.06074504094985711,114,0.06074504094985711
115,0.11613457710776624,115,0.11613457710776624
116,0.051264022471905465,116,0.051264022471905465
117,0.1056615351014748,55,0.05308483775994882
118,0.023194827009488328,118,0.023194827009488328
119,0.1793517214860235,47,0.14666478786675433
120,0.06603059896744788,120,0.06603059896744788
121,0.08211796392994514,121,0.08211796392994514
122,0.028304769916039908,122,0.028304769916039908
123,0.055072679252059546,123,0.055072679252059546
124,0.0821009135150148,148,0.04202332685545095
125,0.011180339887498631,125,0.011180339887498631
126,0.03232893440866905,126,0.03232893440866905
127,0.06414639506628404,127,0.06414639506628404
128,0.06161168720299675,128,0.06161168720299675
129,0.02607680962081236,129,0.02607680962081236
130,0.06288688257498518,130,0.06288688257498518
131,0.03894868418829951,131,0.03894868418829951
132,0.06124997959183099,132,0.06124997959183099
133,0.013544002362669876,133,0.013544002362669876
134,0.0922834763107694,134,0.0922834763107694
135,0.05208646657242478,135,0.05208646657242478
136,0.06638192525077763,109,0.14073023839957016
138,0.09188710464477608,138,0.09188710464477608
139,0.02111018711428124,139,0.02111018711428124
140,0.046615448083227456,140,0.046615448083227456
141,0.15724681236832955,173,0.15278560141584174
142,0.16628902549476984,142,0.16628902549476984
143,0.13978569311628594,143,0.13978569311628594
144,0.11882238846277675,144,0.11882238846277675
145,0.14698925130770513,145,0.14698925130770513
146,0.017492855684534736,146,0.017492855684534736
147,0.060021329542089275,147,0.060021329542089275
148,0.06289069883535922,124,0.15168730995043614
149,0.03008321791298115,61,0.021198113123576046
150,0.05060988045826853,150,0.05060988045826853
151,0.030662028634777683,151,0.030662028634777683
152,0.1004199183429304,149,0.11416549391125184
153,0.14080142044738067,60,0.05901660783203424
156,0.030005999400115363,156,0.030005999400115363
157,0.08915178068888999,157,0.08915178068888999
158,0.06724760218774102,96,0.03685702104077721
159,0.10073906888590707,159,0.10073906888590707
160,0.03840104165253814,160,0.03840104165253814
161,0.04250223523533795,161,0.04250223523533795
162,0.05222106854517705,162,0.05222106854517705
163,0.06914014752659968,163,0.06914014752659968
164,0.0468721665810348,164,0.0468721665810348
165,0.05323194529603386,165,0.05323194529603386
166,0.05853853431714923,166,0.05853853431714923
167,0.043626138953614516,167,0.043626138953614516
168,0.043389399627099014,168,0.043389399627099014
169,0.02778920653779329,169,0.02778920653779329
170,0.19019526807993836,73,0.039403553139280345
171,0.04438062640387101,84,0.034132096331751564
172,0.04573882377149753,172,0.04573882377149753
173,0.0757057461491509,79,0.012882546332148937
174,0.009759098319007056,174,0.009759098319007056
175,0.04185737688866907,175,0.04185737688866907
176,0.01910497317454476,176,0.01910497317454476
177,0.02577518186162548,177,0.02577518186162548
178,0.05663920903402271,29,0.0786470597034644
179,0.05592280393542348,179,0.05592280393542348
181,0.07224652240765693,181,0.07224652240765693
182,0.08348652585896743,182,0.08348652585896743
183,0.06666363326432233,183,0.06666363326432233
184,0.036575401569910015,184,0.036575401569910015
186,0.028086295590551497,186,0.028086295590551497
187,0.07552377109228517,187,0.07552377109228517
188,0.006514598989964292,188,0.006514598989964292
189,0.022529092303067138,189,0.022529092303067138
190,0.02213504009483869,190,0.02213504009483869
191,0.07993722537091355,191,0.07993722537091355
192,0.022199999999999918,192,0.022199999999999918
193,0.1165265634951962,193,0.1165265634951962
195,0.07317075918699074,195,0.07317075918699074
196,0.03700000000000028,196,0.03700000000000028
199,0.06385264285838206,199,0.06385264285838206
202,0.07870349420451501,202,0.07870349420451501
203,0.031339432030591564,203,0.031339432030591564
204,0.07540450914899144,204,0.07540450914899144
205,0.062459266726401674,205,0.062459266726401674
206,0.10046392387319912,206,0.10046392387319912
207,0.0322024843762102,207,0.0322024843762102
208,0.07589466384404342,208,0.07589466384404342
209,0.1259207687397126,209,0.1259207687397126
210,0.028132543432827284,210,0.028132543432827284
211,0.14400361106583245,211,0.14400361106583245
212,0.02022770377477509,212,0.02022770377477509
213,0.057384666941611866,101,0.011401754250992385
215,0.038193716760746385,215,0.038193716760746385
216,0.045551728836565115,216,0.045551728836565115
217,0.01003194896319053,217,0.01003194896319053
218,0.05396072645915732,78,0.03150936368764248
219,0.017531685600647474,219,0.017531685600647474
220,0.03681793041440181,220,0.03681793041440181
221,0.02478790027412653,221,0.02478790027412653
222,0.0816335715254451,222,0.0816335715254451
223,0.04568851059073651,247,0.0270007407305772
224,0.10400961494015926,224,0.10400961494015926
225,0.07240690574800278,225,0.07240690574800278
226,0.057005613758646975,226,0.057005613758646975
227,0.0729605372787237,227,0.0729605372787237
228,0.06542904553789472,228,0.06542904553789472
229,0.02685218799278725,229,0.02685218799278725
230,0.011377170122664714,230,0.011377170122664714
231,0.04217771923657892,231,0.04217771923657892
232,0.02366769950798135,232,0.02366769950798135
233,0.11463786459979178,152,0.07433034373659662
234,0.01198165264059806,234,0.01198165264059806
235,0.03964290604887589,235,0.03964290604887589
237,0.023468276459933844,237,0.023468276459933844
238,0.050115466674470234,238,0.050115466674470234
239,0.030269456552769275,239,0.030269456552769275
240,0.029000000000000282,240,0.029000000000000282
241,0.050836600987873085,241,0.050836600987873085
242,0.09286420192948228,92,0.23538912464257955
243,0.04016764867402427,106,0.002690724809411112
244,0.027130057132264858,244,0.027130057132264858
245,0.2474688667287252,245,0.2474688667287252
247,0.11171195101689296,223,0.10176463039779884
248,0.07586145266207295,68,0.06246406967209126
250,0.02919999999999945,250,0.02919999999999945
251,0.031663227883462965,251,0.031663227883462965
253,0.04702722615676901,253,0.04702722615676901
254,0.05980936381537441,254,0.05980936381537441
255,0.015231546211727306,255,0.015231546211727306
256,0.012081390648432062,256,0.012081390648432062
257,0.08149846624323807,257,0.08149846624323807
258,0.03406405730384982,258,0.03406405730384982
259,0.06282961085348086,259,0.06282961085348086
260,0.017459667808980964,260,0.017459667808980964
