position	CSP (EM04)	CSP (EM02)	CSP (EM09)	CSP (EM11)	CSP (EM29)
4	0	0.014331250608372	0	0	0.0100860943878192
5	0	0	0	0.0116181631938935	0
6	0	0.039452173577636	0.0373649795931948	0.0141442355749606	0.0198081393371491
7	0.00765818620823433	0.0160396859071505	0.0176460019267824	0.0134723159107855	0.00722156381956305
8	0.0170057630231651	0.0157630537650552	0.017560367308233	0.0115350769394936	0.0121756767368396
9	0.00863956341489614	0.025445793365504	0	0.00763546488434165	0.00928487565883337
10	0.00609243268325549	0	0	0.0102596393698816	0.0088130541811571
11	0.00778979229504753	0	0.00755614319610305	0.00813894956367123	0.00713938260635963
12	0.00491420349598945	0	0.0100128565354729	0.00699431083095347	0.0117193709728789
13	0	0	0	0	0.0117987162013489
14	0	0	0.0109997398151069	0	0.0115148002153756
15	0.00428360829208453	0.0213060000000001	0.00932027059693028	0.00731822956732034	0.00469277103639322
16	0.038478941461531	0.0174831514321641	0.0350148833497978	0.0374022665623352	0.0405422002856267
17	0.00125027037075872	0.0160150461753936	0.00111404847291356	0.00270599334810583	0.000635609943282577
21	0.010317635581858	0.00994201770266112	0.0142775769652971	0.0101857539730742	0.0070371227074715
22	0.00608430801324204	0	0.00646784848307377	0.00201481413534641	0.00567948800509374
23	0.01114581912647	0.0487673589606804	0.0158664906012635	0.0120272464014003	0.0135229869481554
24	0.0146721162754396	0.00792972786418286	0.0167507641616734	0.016032387345622	0.0195178826720529
25	0.0145421963953183	0.0925261181288846	0.00243888827132341	0.00544181734349765	0.00460500119435347
26	0.00585937061466568	0.045947824714561	0.002608715392679	0.0014398249893643	0.00319339944260085
27	0.00728704988318047	0.0127160235923002	0.0141625083936414	0.0113983044353079	0.00754214531814191
28	0	0	0.0161851637001304	0	0
29	0.00467994615353576	0.0167068370435593	0.00420290423397908	0.00845660664806018	0.00248090386754606
30	0.0127385715054716	0.020529277045234	0.0109658560997311	0.0104808222959858	0.00891954729792969
31	0.00454489647846763	0.0311225570286251	0.0114387401404181	0.00381460142085644	0.00312111582611016
32	0.00564238424781483	0.0474590908046056	0.00701565392533178	0.00964481746846507	0.00562633948495968
33	0.0067121171026725	0.0244138813792471	0.00242281984472553	0.00728076946482845	0.0079780062672315
34	0.00610607893823781	0.0214836087285156	0.0113940807439649	0.00501142694249893	0.00432374837380846
35	0.00383490599623955	0.0160815945726789	0.00946070821873115	0.00264847125715935	0.00185310550158358
36	0.00697085360626711	0.0206579078321104	0.0100344687951078	0.00636183118292293	0.00763484669132151
37	0.014094786837693	0.0374860291842181	0.0149276851520916	0.0152375583345885	0.0108916562560515
38	0.00245705596191797	0.0194960923264105	0.00504695789560287	0.0018097082637821	0.00502523870079815
39	0.00383292107928179	0.0125105884753677	0.0165304447611065	0.0039874784011959	0.0040456144156361
41	0.00260043150265529	0.0110646877949621	0.00882134434199325	0.00312483983589519	0.0087218722760651
42	0.00480204997891476	0.0125003054362685	0.00737735616599723	0.00520645906543072	0.0103653750535135
43	0.00388401853754605	0.010534987233026	0.0052462256909138	0.0049445468953177	0.00547005265056908
51	0.0126822641511695	0.0177588316057121	0.0338908188157202	0.0295640728587939	0.0156799471937891
52	0.0125606988659088	0.0113681495415917	0.0121068246869301	0.0125105665739011	0.0145652085463963
53	0.009632465935573	0.0246935133992711	0.0117517455724669	0.00546532121654261	0.00863547589887141
54	0.00968889281600528	0.0134330727683588	0.00813647687884754	0.00742352638575745	0.0122026364364432
55	0.0073916030737583	0.0313539933022886	0.00548335700096258	0.0131947131836968	0.015123347380789
56	0.00381559379389268	0.00657379829322449	0.0121837106006339	0.00509440830715301	0.00673791688877045
57	0.00830142011947363	0.0242918061082347	0.0103871122069618	0.0221587733415036	0.00443247154531303
59	0	0.0133665711384798	0	0	0
60	0.00338266226514012	0.00452564647315747	0.00354371217792935	0.0048163990698447	0.00510328560831216
61	0.00253632884303163	0.016597993372694	0.0073392980590795	0.0032182504563812	0.00606565050097702
63	0.00779299018349174	0.00475592094131087	0.00783488838465579	0.00470334094022556	0.0027985038860087
64	0.00662206161251787	0.00306619373164747	0.0126741192987927	0.00504758199537087	0.00517470346976446
67	0.00527887298578033	0.0349212016402646	0.0218453696695679	0.00713501618778857	0.00665226157032333
68	0.00652349262282149	0.030141304152276	0.0251500897811531	0.00680685066679075	0.00547426305542481
69	0.00904512774923747	0.0253527147264356	0.0111111477354941	0.0129767208492764	0.0100357204026431
70	0.0127241441362468	0.0251509668999032	0.0496447872389429	0.0133003983398996	0.0117335193356468
71	0	0.0129010039919359	0.0364648474013007	0.0852458896369777	0.0579216712466061
72	0.00526574781013856	0.0186738045400489	0.011708206523629	0.0109425561913114	0.0146901601080428
74	0.0512686112548406	0.0364979513945632	0.0360705824183618	0.0728385262069469	0.0535207785444127
75	0.00281641616243125	0.0155504326627915	0.0100830503321156	0.00539859277960712	0.00200141549909049
76	0.0183249693042023	0.0212000114150918	0.0135921898162131	0.0417787936637705	0.0333303221706588
78	0.00838949938911798	0.0112296582316642	0.00992061711790064	0.0115729209795955	0.00760779863035166
79	0.0049880212509567	0.00877805650471691	0.00474879395215313	0.00893015677353944	0.00883207993623317
80	0.0127686530221469	0.0365189956597937	0	0.0157633530696998	0.0325290101294224
81	0.00709854323083117	0.0304656139934849	0.0233112650021405	0.0386207675221517	0.0258417065999911
82	0.0164977302681305	0.0226223451481063	0.0144947716091011	0.0156691576033931	0.020050319099706
83	0.0170332931636857	0.0130143022863325	0.0237297973864087	0.0159984530502177	0.0202173584822567
84	0.0145704002690382	0.0221878457719538	0.0156815036268834	0.0183671033099927	0.0135963765761306
85	0.0244393313329148	0	0.0502100290380303	0.0302079275025617	0.0280222212538544
86	0.0313177348478452	0	0.044417421086779	0.0282307208551246	0.0274024516421407
87	0.015434221846275	0.0246420197224171	0.0177700010129428	0.0112961986526435	0.0119808195045255
88	0.0129431713269946	0.0447957448425617	0.0152091438286321	0.00402194032774918	0.012545651198719
89	0.00653789690955734	0.00905738902774933	0.0120020241626158	0.0107769283193313	0.0107551877714898
90	0.00475404711798273	0.014270538742458	0.0124632998840618	0.0011432392575489	0.00419901369371551
91	0.00532437789793356	0.00868229670075892	0.0108735387064198	0.00768067080403628	0.00564880518339908
92	0.00318965578080168	0.00224638019934462	0.00482113513604496	0.00269328349788951	0.00477897938894965
95	0.00660294631206351	0.0348965481960589	0	0.0173913196739044	0.00647830656884931
96	0.00428074479500991	0.0232256324779342	0.00971717530972726	0.0107290260508591	0.018043931500646
97	0.00938609098613618	0.00879273541055317	0.00847292653101676	0.00733006984959949	0.00594479469788528
98	0.00703685981102293	0.00524890617176507	0	0.00420879840334405	0.00207999999999799
99	0	0.0538804778746435	0.0445159175576563	0	0.00100024197072609
101	0.00174437839931776	0.00564041452377213	0.00690229556017406	0.0036351951804556	0.00323754289546867
102	0.0128660621792369	0.0197960272782212	0.0128867567680943	0.0116408374269209	0.0118985417593942
103	0.0122249819631778	0.0182674567469051	0.00812159319345652	0.0122915172375097	0.0146931978820136
104	0.0173164879811114	0.0275747209596028	0.020764045270611	0	0.0120926571108248
105	0.00836789483681698	0.0226742928445415	0.00304221038062773	0.00697366732788434	0.00855437759278807
106	0.0061584335670701	0.0156003565343872	0.00624043139534365	0.00522031761485837	0.00261987862314375
107	0.00772719509265816	0.0195351909128111	0	0.00710166909958532	0.00553112104369372
108	0.0105684712234083	0	0.0124666316220535	0.0108219543521502	0.00896878497902674
109	0.0125552771375229	0.0371381199847271	0.0225241440236909	0.0160870613848517	0.0140628944389134
110	0.00316049426514272	0.00464458566505077	0.00503386491674081	0.00123318936096359	0.0266161698972635
111	0.00964135861795405	0.0169657962972557	0.0135921957019447	0.00837943768996586	0.00808002995043942
112	0.00762910060230059	0.0202904503646442	0.00887437682319194	0.00663391166658348	0.00737531938291733
113	0.00310203159236101	0.00630972455817334	0.00792123752957968	0.00659864046603673	0.00182231610869319
114	0.00645006077490768	0.00619554485093869	0.0166612407701223	0.00665683288058225	0.00376477834672918
115	0.0047336028561771	0.00508966167834307	0.00967841846584405	0.00945667087298737	0.00468065850068094
	0	0	0	0	0
117	0	0.00634662902649887	0	0	0.0060388280319952
119	0.018421261737461	0.0212296767756841	0.0185607215376989	0.0171211925986494	0.0206438543881711
121	0.00131130621900499	0.0080190064222427	0	0.0051827594966379	0.00365012328558808
122	0.0101405571839018	0.00950596654738311	0.0132951952223338	0.0091988410139536	0.0078563413876948
124	0.0181510097790722	0.0439212220230733	0.0189148866240338	0.0202502208383036	0.0185604693906175
125	0.00579525633600456	0.027113019824431	0.00639243177515393	0.00602544073076961	0.00570810826807034
126	0	0.0315939519528702	0.00685572023933316	0.0012461540835717	0.0191076215160364
127	0.00982071158317879	0	0.017823820690301	0.0044060054471134	0.0126981902647574
128	0.0127570294347864	0.027070634200181	0.0154031108546292	0.00891005746333903	0.0160986210589616
129	0	0.00383692011905502	0.00127201572317327	0	0.00321080986668391
130	0.0069382562650866	0.0106375230199511	0.023897469405777	0.00810630001912142	0.0119068466018513
131	0.00925068840681741	0.0141007558662648	0.00753272965132848	0.00708959829609638	0.00932410231604168
132	0.00673026032185745	0.0128315663891821	0.00314541507594852	0.00612083196959222	0.00652171173849238
133	0.00597091651256262	0.0145802126184759	0	0.0102844414529915	0.00311026429745053
134	0.009327006164896	0	0	0.00996136958455066	0.0070064510274465
135	0.00756129856572165	0	0.020127796700085	0.0121914730857252	0.0134852988101863
136	0.00584110434763939	0	0.00910649965683856	0.00580069961297766	0.00251997539670442
138	0.00584601094764679	0.00299708258144616	0.00933740734893771	0.00691817432564461	0.00643269430332315
139	0.0044892266594592	0.00932082099388325	0.0124696190799883	0.00246333107803315	0.0055764824038091
140	0.00481976098992513	0.00498404012824827	0.00810295008006432	0.00658452762163006	0.00515172747726425
141	0.00212974552470436	0.00172629661414265	0.00679671714874199	0.00689317169378452	0.00171284091497205
142	0.00300532460809173	0.0130837427366949	0.00140164046745328	0.00179719336744864	0.000828060384272257
143	0.00595343060764194	0.0235359512236066	0.00748003235287047	0.0155024603208649	0.0128109298647682
144	0.00709907740484765	0.0061598782455502	0.00674736867230528	0.00798930935688578	0.011510154820852
145	0.0101077111157768	0.0153004052233924	0.000645665548098044	0.00651025836660926	0.00983736753405126
146	0.00716754937199655	0.0284802753497937	0.0261719888430367	0.0148055254550467	0.0131171443538592
149	0.0121053353526453	0.0248503138813157	0.0135896054394523	0.0117009309031369	0.0142785770999766
150	0	0.00423824539167038	0.00881970203578326	0.011032032269714	0.00599023371831194
151	0.00701774892682969	0.014753810219736	0.0162581387618636	0.00454060172223852	0.0136418042794922
152	0.00865121586830428	0.0168413330826271	0.0133027515950658	0.00870195954943489	0.00656550043789608
153	0.00395450578454518	0.00828307889615775	0.00881838443253706	0.00561791776372699	0.00746829270984928
154	0.0156087950848229	0.0316566097995309	0.0171361313020157	0.0148580053843018	0.0159900500311901
